<PAMDataset>
  <Metadata>
    <MDI key="DataType">Generic</MDI>
  </Metadata>
  <Metadata domain="Esri">
    <MDI key="PyramidResamplingType">NEAREST</MDI>
  </Metadata>
  <PAMRasterBand band="1">
    <Histograms>
      <HistItem>
        <HistMin>25.15756607055664</HistMin>
        <HistMax>40.55808258056641</HistMax>
        <BucketCount>256</BucketCount>
        <IncludeOutOfRange>1</IncludeOutOfRange>
        <Approximate>0</Approximate>
        <HistCounts>9|0|0|0|0|0|0|0|0|0|0|0|0|9|0|15|0|9|0|0|6|0|9|27|24|6|12|0|0|6|16|0|9|0|9|8|11|9|0|6|36|11|20|8|21|9|6|0|40|27|7|28|18|6|28|29|18|21|15|41|23|24|39|9|15|27|13|33|40|56|36|19|27|53|61|67|47|42|43|27|55|41|54|50|101|66|66|24|89|15|85|70|98|109|62|119|98|56|92|72|87|137|61|102|89|59|116|71|163|145|93|140|112|120|103|134|71|58|194|127|149|193|111|184|133|169|151|145|118|125|157|163|166|135|214|133|135|209|180|177|142|115|197|144|193|136|131|149|246|193|133|130|195|119|169|150|186|171|153|182|133|118|53|82|97|125|94|111|37|141|106|57|82|131|74|94|76|79|57|57|49|91|81|78|52|63|15|39|58|63|47|44|66|21|15|27|16|55|12|18|9|6|21|14|18|33|6|9|0|31|18|16|15|17|0|6|0|0|9|9|9|0|0|0|0|0|0|9|6|0|0|6|9|0|0|0|0|0|0|0|0|0|0|0|0|0|0|6|0|0|0|0|0|0|0|9</HistCounts>
      </HistItem>
    </Histograms>
    <Metadata>
      <MDI key="STATISTICS_COVARIANCES">5.028980020898966</MDI>
      <MDI key="STATISTICS_EXCLUDEDVALUES"></MDI>
      <MDI key="STATISTICS_MAXIMUM">40.558082580566</MDI>
      <MDI key="STATISTICS_MEAN">33.106201130335</MDI>
      <MDI key="STATISTICS_MINIMUM">25.157566070557</MDI>
      <MDI key="STATISTICS_SKIPFACTORX">1</MDI>
      <MDI key="STATISTICS_SKIPFACTORY">1</MDI>
      <MDI key="STATISTICS_STDDEV">2.2425387445703</MDI>
    </Metadata>
  </PAMRasterBand>
</PAMDataset>
