<PAMDataset>
  <Metadata>
    <MDI key="DataType">Generic</MDI>
  </Metadata>
  <Metadata domain="Esri">
    <MDI key="PyramidResamplingType">NEAREST</MDI>
  </Metadata>
  <PAMRasterBand band="1">
    <Histograms>
      <HistItem>
        <HistMin>23.2324390411377</HistMin>
        <HistMax>38.28463363647461</HistMax>
        <BucketCount>256</BucketCount>
        <IncludeOutOfRange>1</IncludeOutOfRange>
        <Approximate>0</Approximate>
        <HistCounts>9|0|0|0|0|0|0|0|6|0|0|9|0|0|9|9|9|6|0|0|24|12|0|0|6|0|18|0|15|0|0|9|7|0|9|0|21|0|27|21|18|24|15|8|0|30|6|24|25|9|9|7|8|23|35|33|30|44|24|32|40|21|25|16|30|30|33|43|54|33|36|8|15|49|29|40|52|67|63|67|93|9|71|15|76|76|85|72|117|81|48|57|64|120|98|76|88|81|69|95|112|112|141|82|92|131|96|106|93|126|97|131|117|70|95|91|127|88|136|135|149|206|113|135|136|132|148|135|240|99|176|136|152|102|198|113|178|195|137|142|175|114|136|170|85|150|166|183|166|173|194|154|159|152|174|114|144|133|108|170|149|127|114|77|125|54|97|131|107|75|104|64|122|98|71|109|54|115|88|89|36|43|73|43|44|53|67|88|47|15|43|34|43|18|33|29|45|33|44|51|20|21|13|26|9|0|9|9|9|15|16|15|9|19|18|15|15|0|0|9|9|0|11|9|0|0|0|0|6|0|15|9|0|9|0|6|0|0|0|0|0|0|0|0|0|0|0|0|6|0|0|0|0|0|0|9</HistCounts>
      </HistItem>
    </Histograms>
    <Metadata>
      <MDI key="STATISTICS_COVARIANCES">5.112901264411587</MDI>
      <MDI key="STATISTICS_EXCLUDEDVALUES"></MDI>
      <MDI key="STATISTICS_MAXIMUM">38.284633636475</MDI>
      <MDI key="STATISTICS_MEAN">30.980598614129</MDI>
      <MDI key="STATISTICS_MINIMUM">23.232439041138</MDI>
      <MDI key="STATISTICS_SKIPFACTORX">1</MDI>
      <MDI key="STATISTICS_SKIPFACTORY">1</MDI>
      <MDI key="STATISTICS_STDDEV">2.2611725419374</MDI>
    </Metadata>
  </PAMRasterBand>
</PAMDataset>
