<PAMDataset>
  <Metadata>
    <MDI key="DataType">Generic</MDI>
  </Metadata>
  <Metadata domain="Esri">
    <MDI key="PyramidResamplingType">NEAREST</MDI>
  </Metadata>
  <PAMRasterBand band="1">
    <Histograms>
      <HistItem>
        <HistMin>9.578434944152832</HistMin>
        <HistMax>23.76530456542969</HistMax>
        <BucketCount>256</BucketCount>
        <IncludeOutOfRange>1</IncludeOutOfRange>
        <Approximate>0</Approximate>
        <HistCounts>9|0|0|0|0|9|0|11|0|0|0|0|6|0|0|0|12|9|6|24|0|9|19|0|0|20|24|9|54|6|6|35|27|51|6|27|25|15|48|74|39|41|57|24|18|30|15|51|51|56|62|51|72|79|93|45|78|109|66|123|96|81|101|78|113|156|146|143|123|88|111|183|118|103|75|113|160|156|95|178|123|135|103|154|139|121|170|174|167|194|91|158|160|114|182|196|123|151|233|172|144|193|169|140|82|181|137|112|125|165|154|175|145|104|213|176|129|56|159|199|107|148|99|110|106|183|179|106|150|123|90|127|188|110|87|112|113|120|64|76|92|78|96|99|76|49|115|99|38|42|75|82|39|17|44|27|36|75|23|39|46|24|32|0|30|9|33|24|29|9|24|15|9|9|8|24|6|4|9|30|0|9|0|0|0|15|9|6|12|0|0|0|0|12|0|0|0|0|6|0|0|0|0|0|6|0|0|0|0|9|0|0|0|0|0|0|0|0|6|0|0|6|0|0|0|0|0|0|6|0|0|0|0|0|0|0|0|0|0|0|0|0|0|0|0|0|9|0|11|0|0|0|0|0|0|9</HistCounts>
      </HistItem>
    </Histograms>
    <Metadata>
      <MDI key="STATISTICS_COVARIANCES">3.64299126908331</MDI>
      <MDI key="STATISTICS_EXCLUDEDVALUES"></MDI>
      <MDI key="STATISTICS_MAXIMUM">23.76530456543</MDI>
      <MDI key="STATISTICS_MEAN">15.166387508897</MDI>
      <MDI key="STATISTICS_MINIMUM">9.5784349441528</MDI>
      <MDI key="STATISTICS_SKIPFACTORX">1</MDI>
      <MDI key="STATISTICS_SKIPFACTORY">1</MDI>
      <MDI key="STATISTICS_STDDEV">1.9086621673526</MDI>
    </Metadata>
  </PAMRasterBand>
</PAMDataset>
