<PAMDataset>
  <Metadata>
    <MDI key="DataType">Generic</MDI>
  </Metadata>
  <Metadata domain="Esri">
    <MDI key="PyramidResamplingType">NEAREST</MDI>
  </Metadata>
  <PAMRasterBand band="1">
    <Histograms>
      <HistItem>
        <HistMin>20.2558650970459</HistMin>
        <HistMax>34.50232696533203</HistMax>
        <BucketCount>256</BucketCount>
        <IncludeOutOfRange>1</IncludeOutOfRange>
        <Approximate>0</Approximate>
        <HistCounts>9|0|0|0|0|6|0|9|0|0|0|0|0|9|9|9|6|12|9|15|9|18|0|0|0|0|0|0|0|7|9|6|7|11|9|0|18|13|9|30|21|9|11|9|24|40|24|12|9|6|45|21|0|19|15|39|30|36|51|66|35|27|40|49|39|13|30|55|33|23|63|72|20|37|72|37|102|45|32|71|86|71|39|33|74|120|89|87|104|85|39|119|103|75|61|84|104|107|72|137|101|101|85|92|110|81|92|93|101|117|110|110|165|129|127|154|82|128|113|179|153|142|156|157|141|137|96|107|176|197|162|159|154|210|124|152|163|121|143|136|161|162|109|137|161|127|147|115|121|132|115|122|116|182|123|109|103|122|133|142|164|173|69|90|97|94|64|88|118|124|105|112|83|44|38|75|115|129|80|50|45|27|51|79|83|48|63|57|58|38|57|33|23|36|13|12|22|46|27|44|7|13|9|6|7|15|0|17|24|6|24|0|0|18|9|15|0|18|15|0|15|6|0|0|9|9|9|0|9|0|0|11|0|0|0|0|0|0|15|0|0|0|0|0|0|0|0|0|6|0|0|0|0|0|9|0</HistCounts>
      </HistItem>
    </Histograms>
    <Metadata>
      <MDI key="STATISTICS_COVARIANCES">4.76399834566413</MDI>
      <MDI key="STATISTICS_EXCLUDEDVALUES"></MDI>
      <MDI key="STATISTICS_MAXIMUM">34.502326965332</MDI>
      <MDI key="STATISTICS_MEAN">27.433538177634</MDI>
      <MDI key="STATISTICS_MINIMUM">20.255865097046</MDI>
      <MDI key="STATISTICS_SKIPFACTORX">1</MDI>
      <MDI key="STATISTICS_SKIPFACTORY">1</MDI>
      <MDI key="STATISTICS_STDDEV">2.1826585499487</MDI>
    </Metadata>
  </PAMRasterBand>
</PAMDataset>
