<?xml version="1.0" encoding="UTF-8"?>
<metadata xml:lang="en"><Esri><CreaDate>20150903</CreaDate><CreaTime>19231300</CreaTime><ArcGISFormat>1.0</ArcGISFormat><SyncOnce>TRUE</SyncOnce><DataProperties><itemProps><itemLocation><linkage Sync="TRUE">file://\\HOORI-PC\D$\Torrens\SMART\Toolbox_Input\clay_1.tif</linkage><protocol Sync="TRUE">Local Area Network</protocol></itemLocation></itemProps><copyHistory><copy source="D:\Torrens\ECS_Toolbox\Toolbox_Input\clay_1.tif" dest="\\HOORI-PC\D$\Torrens\SMART\Toolbox_Input\clay_1.tif" date="20150903" time="19231300"></copy></copyHistory></DataProperties></Esri></metadata>
