<PAMDataset>
  <Metadata>
    <MDI key="DataType">Generic</MDI>
  </Metadata>
  <Metadata domain="Esri">
    <MDI key="PyramidResamplingType">NEAREST</MDI>
  </Metadata>
  <PAMRasterBand band="1">
    <Histograms>
      <HistItem>
        <HistMin>252.653564453125</HistMin>
        <HistMax>699.5961303710938</HistMax>
        <BucketCount>256</BucketCount>
        <IncludeOutOfRange>1</IncludeOutOfRange>
        <Approximate>0</Approximate>
        <HistCounts>1|4|2|2|8|2|6|4|5|4|5|8|5|6|6|5|7|5|8|6|5|5|11|6|5|7|8|8|5|12|5|7|6|13|4|9|7|9|10|8|7|9|8|11|11|10|5|10|13|9|10|9|10|16|5|12|8|15|12|9|15|14|10|14|25|15|23|26|20|30|23|34|37|30|29|24|27|32|26|39|31|38|25|28|51|39|34|38|46|43|45|47|55|56|68|60|55|82|67|82|78|80|85|99|94|98|101|104|101|118|108|121|115|106|137|114|112|127|108|113|94|120|106|112|107|120|131|92|97|102|97|95|111|100|89|97|88|80|85|85|76|88|83|87|101|98|90|110|104|88|81|88|64|85|68|65|90|81|81|79|92|89|90|89|90|92|90|95|88|93|104|95|126|113|119|117|139|124|117|112|124|137|126|122|113|113|104|117|121|103|118|89|84|66|78|70|66|73|66|64|65|83|55|63|74|74|63|62|68|86|73|62|58|67|93|64|60|59|57|60|43|39|50|54|54|34|43|57|39|45|45|50|38|43|36|47|28|38|36|17|35|34|32|35|40|21|28|18|17|9|11|6|5|9|5|0</HistCounts>
      </HistItem>
    </Histograms>
    <Metadata>
      <MDI key="STATISTICS_COVARIANCES">7231.026012187796</MDI>
      <MDI key="STATISTICS_EXCLUDEDVALUES"></MDI>
      <MDI key="STATISTICS_MAXIMUM">699.59613037109</MDI>
      <MDI key="STATISTICS_MEAN">518.18125285942</MDI>
      <MDI key="STATISTICS_MINIMUM">252.65356445313</MDI>
      <MDI key="STATISTICS_SKIPFACTORX">1</MDI>
      <MDI key="STATISTICS_SKIPFACTORY">1</MDI>
      <MDI key="STATISTICS_STDDEV">85.035439742426</MDI>
    </Metadata>
  </PAMRasterBand>
</PAMDataset>
