<PAMDataset>
  <Metadata>
    <MDI key="DataType">Generic</MDI>
  </Metadata>
  <Metadata domain="Esri">
    <MDI key="PyramidResamplingType">NEAREST</MDI>
  </Metadata>
  <PAMRasterBand band="1">
    <Histograms>
      <HistItem>
        <HistMin>41.69274139404297</HistMin>
        <HistMax>60.84687042236328</HistMax>
        <BucketCount>256</BucketCount>
        <IncludeOutOfRange>1</IncludeOutOfRange>
        <Approximate>0</Approximate>
        <HistCounts>6|0|0|0|0|0|0|0|0|0|0|0|0|0|0|0|0|0|0|0|0|0|0|0|6|0|0|0|0|0|0|0|0|0|0|9|0|0|0|0|0|9|0|0|0|0|0|0|0|0|0|15|10|0|0|0|9|0|6|16|12|9|0|9|6|0|0|0|17|0|21|0|12|7|11|33|0|0|12|4|33|11|18|29|31|30|30|58|48|30|69|45|48|33|52|83|72|66|52|66|57|72|93|80|129|65|149|154|98|96|107|96|71|85|136|187|190|185|200|169|180|160|227|167|168|155|222|218|275|199|238|268|174|227|220|319|191|151|207|212|224|192|232|169|167|209|234|156|187|182|106|250|185|212|127|238|186|103|190|148|136|147|101|182|189|106|131|77|81|88|51|73|71|108|79|48|79|72|15|34|79|36|81|72|53|91|96|36|30|18|38|24|32|25|32|42|8|29|15|18|9|18|0|6|9|7|0|9|0|0|9|0|0|6|9|9|0|0|0|0|0|0|0|0|9|0|0|0|0|9|0|0|0|0|0|0|0|0|0|0|0|0|0|4|0|0|0|0|0|0|0|0|0|0|0|7</HistCounts>
      </HistItem>
    </Histograms>
    <Metadata>
      <MDI key="STATISTICS_COVARIANCES">4.233978486982466</MDI>
      <MDI key="STATISTICS_EXCLUDEDVALUES"></MDI>
      <MDI key="STATISTICS_MAXIMUM">60.846870422363</MDI>
      <MDI key="STATISTICS_MEAN">52.027756044511</MDI>
      <MDI key="STATISTICS_MINIMUM">41.692741394043</MDI>
      <MDI key="STATISTICS_SKIPFACTORX">1</MDI>
      <MDI key="STATISTICS_SKIPFACTORY">1</MDI>
      <MDI key="STATISTICS_STDDEV">2.0576633560868</MDI>
    </Metadata>
  </PAMRasterBand>
</PAMDataset>
