<PAMDataset>
  <Metadata>
    <MDI key="DataType">Generic</MDI>
  </Metadata>
  <Metadata domain="Esri">
    <MDI key="PyramidResamplingType">NEAREST</MDI>
  </Metadata>
  <PAMRasterBand band="1">
    <Histograms>
      <HistItem>
        <HistMin>51.42635726928711</HistMin>
        <HistMax>68.4737548828125</HistMax>
        <BucketCount>256</BucketCount>
        <IncludeOutOfRange>1</IncludeOutOfRange>
        <Approximate>0</Approximate>
        <HistCounts>6|0|0|0|0|0|0|0|0|0|0|0|0|0|6|0|0|0|0|0|0|6|0|0|0|0|0|0|0|9|0|0|0|9|0|0|0|0|0|0|12|0|9|0|0|0|9|0|0|0|0|0|0|6|6|6|0|6|0|9|6|0|9|9|8|0|4|7|18|15|13|0|10|36|17|16|9|9|15|12|15|18|39|18|15|27|43|21|16|19|36|15|0|27|15|89|24|36|56|72|86|63|67|25|89|67|66|51|125|81|59|116|154|65|98|86|106|124|100|134|105|102|106|114|157|163|136|161|138|136|131|214|161|261|205|221|217|190|195|186|147|195|212|234|124|215|188|344|227|180|147|161|181|155|199|193|177|206|275|192|158|154|192|146|196|138|133|167|211|128|125|70|153|167|89|136|89|143|107|38|50|83|62|67|30|115|102|50|47|45|56|53|55|52|48|18|103|47|27|43|37|38|15|42|23|29|18|27|37|15|15|21|6|9|24|0|31|0|0|9|6|0|18|9|0|0|0|6|9|0|6|0|0|0|0|0|0|0|0|0|0|0|0|0|0|0|0|7|0|0|0|0|0|0|0|4</HistCounts>
      </HistItem>
    </Histograms>
    <Metadata>
      <MDI key="STATISTICS_COVARIANCES">4.059312935219637</MDI>
      <MDI key="STATISTICS_EXCLUDEDVALUES"></MDI>
      <MDI key="STATISTICS_MAXIMUM">68.473754882813</MDI>
      <MDI key="STATISTICS_MEAN">61.137792494317</MDI>
      <MDI key="STATISTICS_MINIMUM">51.426357269287</MDI>
      <MDI key="STATISTICS_SKIPFACTORX">1</MDI>
      <MDI key="STATISTICS_SKIPFACTORY">1</MDI>
      <MDI key="STATISTICS_STDDEV">2.0147736684848</MDI>
    </Metadata>
  </PAMRasterBand>
</PAMDataset>
