<PAMDataset>
  <Metadata>
    <MDI key="DataType">Generic</MDI>
  </Metadata>
  <Metadata domain="Esri">
    <MDI key="PyramidResamplingType">NEAREST</MDI>
  </Metadata>
  <PAMRasterBand band="1">
    <Histograms>
      <HistItem>
        <HistMin>39.06896591186523</HistMin>
        <HistMax>61.21768188476563</HistMax>
        <BucketCount>256</BucketCount>
        <IncludeOutOfRange>1</IncludeOutOfRange>
        <Approximate>0</Approximate>
        <HistCounts>6|0|0|0|0|0|9|0|9|0|0|0|0|0|0|0|0|0|4|0|0|12|0|0|0|0|0|6|10|9|6|8|0|0|23|12|9|19|6|0|12|15|6|6|8|12|6|15|0|6|31|15|6|9|39|24|7|15|41|9|24|48|12|26|54|24|29|69|66|26|21|81|27|54|57|64|54|62|31|55|47|64|68|49|38|72|151|101|159|125|63|147|115|113|108|96|88|138|175|116|128|161|158|176|174|269|170|206|143|150|151|160|194|172|157|153|138|190|151|216|171|144|221|231|282|246|207|197|194|222|187|235|203|263|200|233|187|187|214|154|203|177|193|153|149|109|92|121|176|120|135|107|142|87|74|77|98|58|79|39|70|50|86|40|75|53|28|71|40|45|15|27|29|25|24|27|24|4|13|12|6|9|12|0|17|0|9|9|0|12|21|0|6|8|17|6|0|0|0|0|18|0|6|0|6|0|0|0|0|9|0|0|9|0|0|0|0|0|0|0|0|0|0|0|0|0|0|0|0|0|0|0|0|0|0|4|0|0|0|0|0|0|0|0|0|0|0|0|0|0|0|0|0|0|0|7</HistCounts>
      </HistItem>
    </Histograms>
    <Metadata>
      <MDI key="STATISTICS_COVARIANCES">6.4898284987138</MDI>
      <MDI key="STATISTICS_EXCLUDEDVALUES"></MDI>
      <MDI key="STATISTICS_MAXIMUM">61.217681884766</MDI>
      <MDI key="STATISTICS_MEAN">49.434770228015</MDI>
      <MDI key="STATISTICS_MINIMUM">39.068965911865</MDI>
      <MDI key="STATISTICS_SKIPFACTORX">1</MDI>
      <MDI key="STATISTICS_SKIPFACTORY">1</MDI>
      <MDI key="STATISTICS_STDDEV">2.5475141802773</MDI>
    </Metadata>
  </PAMRasterBand>
</PAMDataset>
