<PAMDataset>
  <Metadata>
    <MDI key="DataType">Generic</MDI>
  </Metadata>
  <Metadata domain="Esri">
    <MDI key="PyramidResamplingType">NEAREST</MDI>
  </Metadata>
  <PAMRasterBand band="1">
    <Histograms>
      <HistItem>
        <HistMin>41.61551284790039</HistMin>
        <HistMax>63.55564117431641</HistMax>
        <BucketCount>256</BucketCount>
        <IncludeOutOfRange>1</IncludeOutOfRange>
        <Approximate>0</Approximate>
        <HistCounts>6|0|9|9|0|4|0|0|0|0|6|0|0|0|0|0|12|0|0|6|15|8|15|16|17|0|9|6|6|10|0|9|0|6|15|18|8|0|0|21|18|17|17|15|24|0|43|18|21|10|31|54|6|19|32|0|50|24|24|23|31|68|31|45|62|35|38|33|59|89|47|73|19|45|56|95|57|37|50|61|112|151|113|140|146|118|116|123|60|106|92|169|102|112|136|170|129|178|198|144|196|135|156|127|184|185|215|115|164|206|133|142|166|165|188|161|180|203|232|249|175|228|199|145|302|218|162|183|236|247|164|252|180|185|212|217|204|138|167|129|136|121|81|118|123|146|130|86|92|89|90|94|109|44|38|60|103|92|45|45|31|80|12|45|24|18|23|64|37|6|21|21|27|13|15|15|17|10|8|12|18|0|0|6|18|0|14|6|0|7|6|8|8|12|0|9|0|0|0|9|0|9|0|12|0|0|0|0|9|0|0|0|0|9|0|0|0|0|0|0|0|0|0|0|0|0|0|0|0|0|0|4|0|0|0|0|0|0|0|0|0|0|0|0|0|0|0|0|0|0|0|0|0|0|0|7</HistCounts>
      </HistItem>
    </Histograms>
    <Metadata>
      <MDI key="STATISTICS_COVARIANCES">6.919391049899568</MDI>
      <MDI key="STATISTICS_EXCLUDEDVALUES"></MDI>
      <MDI key="STATISTICS_MAXIMUM">63.555641174316</MDI>
      <MDI key="STATISTICS_MEAN">51.418161498532</MDI>
      <MDI key="STATISTICS_MINIMUM">41.6155128479</MDI>
      <MDI key="STATISTICS_SKIPFACTORX">1</MDI>
      <MDI key="STATISTICS_SKIPFACTORY">1</MDI>
      <MDI key="STATISTICS_STDDEV">2.6304735409997</MDI>
    </Metadata>
  </PAMRasterBand>
</PAMDataset>
