<PAMDataset>
  <Metadata>
    <MDI key="DataType">Generic</MDI>
  </Metadata>
  <Metadata domain="Esri">
    <MDI key="PyramidResamplingType">NEAREST</MDI>
  </Metadata>
  <PAMRasterBand band="1">
    <Histograms>
      <HistItem>
        <HistMin>0.5160672068595886</HistMin>
        <HistMax>0.9735987186431885</HistMax>
        <BucketCount>256</BucketCount>
        <IncludeOutOfRange>1</IncludeOutOfRange>
        <Approximate>0</Approximate>
        <HistCounts>6|4|0|0|0|0|6|0|0|0|6|0|0|0|0|6|6|0|9|0|0|0|9|0|0|9|0|15|0|0|6|15|6|0|12|6|0|23|0|6|18|14|24|35|9|0|6|17|24|37|21|32|33|9|23|30|25|24|6|6|23|67|35|39|21|45|28|21|36|31|19|31|55|42|43|64|62|29|44|44|34|17|55|47|39|48|75|44|88|39|47|40|41|39|79|60|64|92|88|94|56|100|127|85|74|62|122|127|96|75|140|93|87|108|82|69|95|153|106|154|106|99|143|86|66|86|170|167|94|174|132|116|113|139|150|159|164|129|148|96|110|144|190|183|167|114|106|135|94|90|117|113|130|135|101|149|41|99|164|154|113|74|139|135|91|75|81|133|72|94|145|97|71|26|119|99|113|67|93|117|71|166|96|87|52|54|71|126|36|122|90|91|88|116|70|76|57|27|44|66|72|27|51|40|55|53|82|50|29|44|36|29|15|15|77|16|43|35|15|32|53|38|15|46|27|6|21|9|11|17|0|11|9|15|6|0|36|6|0|0|6|0|6|0|0|0|0|0|9|0|9|0|0|0|0|12</HistCounts>
      </HistItem>
    </Histograms>
    <Metadata>
      <MDI key="STATISTICS_COVARIANCES">0.006000818378610751</MDI>
      <MDI key="STATISTICS_EXCLUDEDVALUES"></MDI>
      <MDI key="STATISTICS_MAXIMUM">0.97359871864319</MDI>
      <MDI key="STATISTICS_MEAN">0.76797533507357</MDI>
      <MDI key="STATISTICS_MINIMUM">0.51606720685959</MDI>
      <MDI key="STATISTICS_SKIPFACTORX">1</MDI>
      <MDI key="STATISTICS_SKIPFACTORY">1</MDI>
      <MDI key="STATISTICS_STDDEV">0.077464949355246</MDI>
    </Metadata>
  </PAMRasterBand>
</PAMDataset>
